e164g,tgcacaatacggGCCattgatggtgttcca
e164r,tgcacaatacggACGattgatggtgttcca
e222h,tgcatcaacatgATGcatattcagggtaat
e222k,tgcatcaacatgTTTcatattcagggtaat
e222q,tgcatcaacatgCTGcatattcagggtaat
e222r,tgcatcaacatgACGcatattcagggtaat
e222y,tgcatcaacatgATAcatattcagggtaat
i244e,aaaccaacgattTTCaaaaccatcacgacg
n163c,acaatacggttcGCAgatggtgttccacca
n163d,acaatacggttcATCgatggtgttccacca
q19c,gccaccttcaatGCAatagctgctggtgct
r240d,gataaaaccatcATCacgaattgctgcggc
r240e,gataaaaccatcTTCacgaattgctgcggc
r240k,gataaaaccatcTTTacgaattgctgcggc
s298e,gctgcgaataatTTCacgggtataatagtt
w120h,ctgcggcagatcATGatgatacagggtcag
w325g,cggatgaatttcGCCacccatatcggtaac
w325r,cggatgaatttcACGacccatatcggtaac
w325s,cggatgaatttcGCTacccatatcggtaac
w399c,atccagaaagctGCAaacaaaataaccttt
w399g,atccagaaagctGCCaacaaaataaccttt
w399s,atccagaaagctGCTaacaaaataaccttt
y295g,aatgctacgggtGCCatagttaatgcccag
